created_at,entry_id,Soil Temperature,Soil Moisture,Wind Speed,Rainfall,Temperature,Humidity,Pressure,Battery Voltage
2022-12-14T14:19:11+05:30,10830,21.06,817,0,0.25,25.38,45.09,1.94,4.14
2022-12-14T14:20:13+05:30,10831,21.06,817,0,0.25,25.27,46.52,1.94,4.14
2022-12-14T14:21:15+05:30,10832,21.06,817,0,0.25,25.34,45.79,1.94,4.14
2022-12-14T14:22:18+05:30,10833,21.06,817,0,0.25,25.13,44.91,1.94,4.15
2022-12-14T14:23:20+05:30,10834,21.06,817,0,0.25,24.95,45.12,1.94,4.15
2022-12-14T14:24:23+05:30,10835,21.06,817,0,0.25,25.33,46.54,1.94,4.14
2022-12-14T14:25:25+05:30,10836,21.06,817,0,0.25,25,46.28,1.94,4.14
2022-12-14T14:46:42+05:30,10837,20.87,816,0.34,0.25,24.54,47.84,1.96,4.15
2022-12-14T15:17:36+05:30,10838,20.87,816,0.67,0.25,24.44,45.55,1.95,4.18
2022-12-14T15:57:37+05:30,10839,20.81,815,0.67,0.25,23.37,48.4,1.95,4.12
2022-12-14T16:17:37+05:30,10840,20.56,816,0,0.25,22.67,51.45,1.95,4.1
2022-12-14T16:37:36+05:30,10841,20.37,816,0,0.25,21.69,54.42,1.95,4.11
2022-12-14T16:57:36+05:30,10842,20.12,815,0,0.25,20.25,58.57,1.95,4.1
2022-12-14T17:37:35+05:30,10843,19.62,814,0,0.25,17.2,70.02,1.95,4.11
2022-12-14T18:18:17+05:30,10844,19.06,814,0,0.25,15.42,77.23,1.95,4.09
2022-12-14T18:38:21+05:30,10845,18.81,814,0,0.25,14.82,79.82,1.95,4.11
2022-12-14T18:58:21+05:30,10846,18.56,814,0,0.25,14.39,80.8,1.93,4.1
2022-12-14T19:59:07+05:30,10847,25.87,813,0,0.25,12.87,86.65,1.95,4.1
2022-12-14T20:19:07+05:30,10848,17.69,812,0,0.25,13.25,85.73,1.94,4.1
2022-12-14T20:39:06+05:30,10849,81.5,813,0,0.25,13.37,84.44,1.96,4.1
2022-12-14T21:19:06+05:30,10850,17.19,813,0,0.25,13.27,81.37,1.94,4.09
2022-12-14T21:39:05+05:30,10851,17,813,0,0.25,13.14,81.35,2.01,4.09
2022-12-14T21:59:05+05:30,10852,17,812,0,0.25,12.84,82.95,1.97,4.09
2022-12-14T22:19:05+05:30,10853,16.75,813,0,0.25,12.7,83.97,1.9,4.09
2022-12-14T22:39:04+05:30,10854,16.56,812,0,0.25,12.24,85.23,0.46,4.07
2022-12-14T22:59:04+05:30,10855,16.44,812,0,0.25,11.93,85.53,1.95,4.08
2022-12-14T23:19:04+05:30,10856,16.31,812,0,0.25,11.62,85.48,1.95,4.08
2022-12-14T23:59:03+05:30,10857,16.06,812,0,0.25,11.28,81.89,1.75,4.07
2022-12-15T00:39:02+05:30,10858,15.81,812,0,0.25,11.53,79.71,1.96,4.07
2022-12-15T00:59:02+05:30,10859,15.69,812,0,0.25,11.35,81.47,1.94,4.07
2022-12-15T01:19:02+05:30,10860,15.56,812,0,0.25,10.97,83.04,1.86,4.07
2022-12-15T01:39:01+05:30,10861,15.44,811,0,0.25,10.7,84.59,2.01,4.07
2022-12-15T01:59:01+05:30,10862,15.31,811,0,0.25,10.56,83.31,1.96,4.07
2022-12-15T02:59:00+05:30,10863,15,811,0,0.25,10.23,84.48,1.94,4.06
2022-12-15T03:38:59+05:30,10864,14.75,811,0,0.25,10.13,84.9,1.96,4.06
2022-12-15T04:39:00+05:30,10865,14.5,811,0,0.25,9.54,88.18,1.96,4.05
2022-12-15T04:59:00+05:30,10866,14.38,810,0,0.25,9.11,89.74,1.94,4.05
2022-12-15T05:18:59+05:30,10867,14.25,810,0,0.25,9.08,90.23,1.97,4.05
2022-12-15T06:38:58+05:30,10868,13.88,813,0,0.25,8.74,90.13,1.96,4.04
2022-12-15T07:18:57+05:30,10869,13.75,817,0,0.25,8.45,91.38,1.94,4.05
2022-12-15T07:38:57+05:30,10870,13.69,819,0,0.25,8.97,90.49,1.94,4.06
2022-12-15T08:18:56+05:30,10871,13.81,814,1.68,0.25,12.6,77.33,1.94,4.12
2022-12-15T08:58:56+05:30,10872,14.19,813,3.35,0.25,15.23,69.78,1.95,4.16
2022-12-15T09:38:55+05:30,10873,15,815,1.01,0.25,18.08,62.8,1.95,4.15
2022-12-15T09:58:55+05:30,10874,15.56,815,0.67,0.25,19.53,58.74,1.95,4.14
2022-12-15T10:18:54+05:30,10875,16.12,816,2.01,0.25,19.74,58.1,1.95,4.14
2022-12-15T10:38:54+05:30,10876,16.87,816,3.02,0.25,20.44,56.08,1.95,4.14
2022-12-15T10:58:54+05:30,10877,17.37,816,3.02,0.25,21.63,53.81,1.94,4.14
2022-12-15T11:18:54+05:30,10878,26,817,6.03,0.25,21.53,51.97,1.95,4.15
2022-12-15T11:38:53+05:30,10879,22.56,816,1.34,0.25,22.73,47.38,1.95,4.14
2022-12-15T12:19:34+05:30,10880,19.5,816,4.02,0.25,22.28,44.78,1.95,4.14
2022-12-15T12:39:39+05:30,10881,19.81,816,4.69,0.25,23.51,41.46,1.95,4.08
2022-12-15T12:59:39+05:30,10882,4095.94,816,1.68,0.25,23.65,39.42,1.95,4.14
2022-12-15T13:19:38+05:30,10883,20.44,817,1.01,0.25,24.03,40.15,1.94,4.08
2022-12-15T13:39:38+05:30,10884,20.69,816,2.01,0.25,23.18,39.91,1.94,4.08
2022-12-15T13:59:38+05:30,10885,20.87,816,4.02,0.25,23.85,39.16,1.95,4.08
2022-12-15T14:19:38+05:30,10886,21.06,816,2.68,0.25,23.56,39.25,1.95,4.15
2022-12-15T14:39:37+05:30,10887,21.12,816,1.68,0.25,23.28,38.89,1.96,4.14
2022-12-15T14:59:37+05:30,10888,4095.94,816,0.67,0.25,23.37,41.59,1.96,4.1
2022-12-15T15:39:36+05:30,10889,21,816,1.68,0.25,22.31,40.42,1.95,4.1
2022-12-15T15:59:36+05:30,10890,84.87,816,0.67,0.25,21.91,43.2,1.95,4.12
2022-12-15T16:19:36+05:30,10891,20.56,816,1.01,0.25,20.67,44.24,1.95,4.12
2022-12-15T16:39:35+05:30,10892,20.19,815,2.01,0.25,19.68,46.68,1.95,4.12
2022-12-15T16:59:35+05:30,10893,19.87,815,0,0.25,18.81,50.22,1.95,4.11
2022-12-15T17:19:35+05:30,10894,4095.94,815,0,0.25,17.48,53.39,1.95,4.11
2022-12-15T17:39:34+05:30,10895,19.25,814,0,0.25,16.17,56.95,1.95,4.11
2022-12-15T17:59:34+05:30,10896,18.94,814,0,0.25,14.99,64.72,1.95,4.12
2022-12-15T18:19:34+05:30,10897,18.62,813,0,0.25,13.68,69.9,1.93,4.13
2022-12-15T18:39:33+05:30,10898,18.31,813,0,0.25,13.54,72.06,1.95,4.11
2022-12-15T18:59:33+05:30,10899,18.06,813,0,0.25,13.41,72.51,1.96,4.11
2022-12-15T19:39:32+05:30,10900,17.56,813,0,0.25,12.94,75.44,1.94,4.11
2022-12-15T19:59:32+05:30,10901,17.31,813,0,0.25,12.66,75.95,1.94,4.11
2022-12-15T20:19:32+05:30,10902,17.12,813,0,0.25,12.49,76.48,1.91,4.1
2022-12-15T20:39:31+05:30,10903,16.94,812,0,0.25,12.02,78.49,1.96,4.1
2022-12-15T21:19:31+05:30,10904,16.56,813,0,0.25,11.45,77.71,1.94,4.1
2022-12-15T21:39:31+05:30,10905,16.44,812,0,0.25,11.55,77.72,1.96,4.1
2022-12-15T21:59:30+05:30,10906,16.25,812,0,0.25,11.49,77.52,1.59,4.1
2022-12-15T22:19:30+05:30,10907,16.12,812,0,0.25,11.38,77.62,1.97,4.09
2022-12-15T22:39:30+05:30,10908,15.94,812,0,0.25,11.11,79.27,1.94,4.1
2022-12-15T22:59:29+05:30,10909,4095.94,812,0,0.25,10.86,82.49,1.96,4.09
2022-12-15T23:59:29+05:30,10910,15.44,812,0,0.25,10.36,81.86,1.97,4.08
2022-12-16T00:19:29+05:30,10911,15.31,811,0,0.25,10.12,82.69,1.93,4.08
2022-12-16T00:50:19+05:30,10912,15.13,812,0,0.25,9.91,83.36,1.94,4.08
2022-12-16T01:10:18+05:30,10913,15,812,0,0.25,9.8,84.61,1.97,4.07
2022-12-16T01:30:18+05:30,10914,14.88,811,0,0.25,9.6,87.9,1.94,4.07
2022-12-16T01:50:18+05:30,10915,14.75,811,0,0.25,9.49,88.66,1.94,4.08
2022-12-16T02:10:17+05:30,10916,14.63,810,0,0.25,9.58,88,1.82,4.08
2022-12-16T02:30:17+05:30,10917,14.56,810,0,0.25,9.35,88.46,1.94,4.07
2022-12-16T02:50:17+05:30,10918,14.44,810,0,0.25,9.22,88.73,1.93,4.06
2022-12-16T03:30:16+05:30,10919,14.25,810,0,0.25,8.97,90.81,1.96,4.06
2022-12-16T03:50:17+05:30,10920,14.13,810,0,0.25,8.87,92.3,1.96,4.06
2022-12-16T04:10:17+05:30,10921,14,809,0,0.25,8.64,92.45,1.98,4.05
2022-12-16T04:30:16+05:30,10922,13.94,809,0,0.25,8.47,92.55,1.97,4.05
2022-12-16T04:50:16+05:30,10923,13.81,809,0,0.25,8.54,92.79,1.93,4.05
2022-12-16T05:30:17+05:30,10924,13.69,810,0,0.25,8.49,93.03,1.96,4.05
2022-12-16T05:50:15+05:30,10925,13.56,809,0,0.25,8.73,93.05,1.96,4.05
2022-12-16T06:50:14+05:30,10926,13.31,816,0,0.25,8.74,92.35,1.92,4.05
2022-12-16T08:51:46+05:30,10927,13.44,813,0.67,0.25,14.55,75.42,1.95,4.14
2022-12-16T09:11:46+05:30,10928,13.75,814,0.67,0.25,16.19,69.52,1.95,4.16
2022-12-16T09:31:45+05:30,10929,14.25,814,0.67,0.25,17.1,66.42,1.95,4.15
2022-12-16T09:51:45+05:30,10930,14.69,815,0,0.25,18.13,66.58,1.95,4.15
2022-12-16T10:11:45+05:30,10931,15.31,816,1.68,0.25,18.08,65.71,1.95,4.14
2022-12-16T10:31:44+05:30,10932,15.88,816,0.67,0.25,19.68,59.78,1.95,4.15
2022-12-16T10:51:44+05:30,10933,16.44,816,2.68,0.25,20.33,58.55,1.95,4.15
2022-12-16T11:11:44+05:30,10934,17.06,816,1.01,0.25,22.15,52.69,1.95,4.14
2022-12-16T11:31:43+05:30,10935,17.56,816,2.01,0.25,22.76,51.57,1.95,4.15
2022-12-16T11:51:43+05:30,10936,18.19,816,1.01,0.25,23.47,49.11,1.95,4.07
2022-12-16T12:11:43+05:30,10937,18.75,817,2.01,0.25,22.91,48.36,1.95,4.08
2022-12-16T12:31:42+05:30,10938,19.19,817,2.01,0.25,23.15,48.09,1.95,4.14
2022-12-16T12:51:42+05:30,10939,19.5,817,2.01,0.25,23.7,47.16,1.95,4.08
2022-12-16T13:11:42+05:30,10940,19.87,817,2.01,0.25,24.2,46.59,1.95,4.14
2022-12-16T13:31:41+05:30,10941,20.12,817,1.01,0.25,24.37,44,1.95,4.07
2022-12-16T13:51:41+05:30,10942,20.37,817,1.01,0.25,24.06,43.73,1.95,4.08
2022-12-16T14:11:41+05:30,10943,20.56,817,1.01,0.25,24.38,41.08,1.95,4.08
2022-12-16T14:31:40+05:30,10944,20.69,817,3.02,0.25,24.31,43.6,1.94,4.15
2022-12-16T14:51:40+05:30,10945,20.81,817,1.01,0.25,24.37,43.81,1.96,4.09
2022-12-16T15:11:40+05:30,10946,20.81,816,4.36,0.25,23.61,44.63,1.95,4.09
2022-12-16T15:31:40+05:30,10947,20.75,816,1.01,0.25,23,48.07,1.95,4.12
2022-12-16T15:51:39+05:30,10948,20.62,817,0,0.25,22.87,49.6,1.95,4.14
2022-12-16T16:11:39+05:30,10949,20.44,816,0,0.25,22.42,53.09,1.95,4.12
2022-12-16T16:31:39+05:30,10950,20.19,816,0,0.25,21.35,55.73,1.95,4.12
2022-12-16T16:51:39+05:30,10951,20,815,0,0.25,20.02,62.26,1.95,4.11
2022-12-16T17:31:38+05:30,10952,19.44,815,0,0.25,16.86,72.83,1.95,4.1
2022-12-16T17:51:38+05:30,10953,19.12,815,0,0.25,16,75.39,1.95,4.1
2022-12-16T18:11:37+05:30,10954,18.87,814,0,0.25,15.47,77.51,1.95,4.11
2022-12-16T18:31:37+05:30,10955,18.56,814,0,0.25,14.9,79.06,1.95,4.1
2022-12-16T19:51:36+05:30,10956,17.62,812,0,0.25,13.58,84.8,1.94,4.1
2022-12-16T20:11:35+05:30,10957,17.37,812,0,0.25,13.52,85.56,1.96,4.1
2022-12-16T20:31:35+05:30,10958,4095.94,811,0,0.25,13.28,86,1.97,4.09
2022-12-16T20:51:35+05:30,10959,17,811,0,0.25,12.75,86.71,1.94,4.1
2022-12-16T21:11:34+05:30,10960,16.81,812,0,0.25,12.6,87.5,1.96,4.09
2022-12-16T21:31:36+05:30,10961,16.69,811,0,0.25,12.46,87.86,1.95,4.09
2022-12-16T21:51:35+05:30,10962,272.5,811,0,0.25,12.24,87.83,1.95,4.08
2022-12-16T22:11:35+05:30,10963,16.37,811,0,0.25,12.08,88.88,1.96,4.08
2022-12-16T22:31:35+05:30,10964,16.19,810,0,0.25,12.48,87.8,1.93,4.08
2022-12-16T22:51:34+05:30,10965,16.06,811,0,0.25,12.1,88.13,1.95,4.08
2022-12-16T23:31:34+05:30,10966,15.81,811,0,0.25,12.05,88.62,1.95,4.08
2022-12-16T23:51:34+05:30,10967,15.69,810,0,0.25,11.88,89.35,1.95,4.08
2022-12-17T01:32:19+05:30,10968,15.06,810,0,0.25,10.42,91.41,1.97,4.08
2022-12-17T02:12:18+05:30,10969,14.88,810,0,0.25,10.35,94.03,1.91,4.06
2022-12-17T02:52:17+05:30,10970,14.63,808,0,0.25,10.05,94.77,1.84,4.06
2022-12-17T03:12:17+05:30,10971,14.5,807,0,0.25,9.83,94.71,1.96,4.06
2022-12-17T04:53:49+05:30,10972,14.06,807,0,0.25,9.21,95.91,2.01,4.05
2022-12-17T05:13:49+05:30,10973,13.94,807,0,0.25,9.23,96.35,1.96,4.05
2022-12-17T05:54:30+05:30,10974,13.75,806,0,0.25,8.63,96.15,1.97,4.05
2022-12-17T06:14:35+05:30,10975,4095.94,808,0,0.25,8.39,96.37,1.88,4.05
2022-12-17T06:34:35+05:30,10976,13.56,823,0,0.25,8.65,96.8,1.96,4.04
2022-12-17T06:54:34+05:30,10977,13.44,829,0,0.25,8.68,96.87,1.96,4.03
2022-12-17T07:14:34+05:30,10978,13.38,831,0,0.25,8.87,97.17,1.97,4.05
2022-12-17T07:34:34+05:30,10979,13.31,832,0,0.25,9.02,97.12,1.97,4.05
2022-12-17T08:55:19+05:30,10980,13.63,831,0.67,0.25,14.02,91.46,1.95,4.13
2022-12-17T10:16:05+05:30,10981,15.31,1019,0,0.25,18.88,73.62,1.95,4.15
2022-12-17T10:36:05+05:30,10982,15.81,1020,0.67,0.25,19.18,68.5,1.95,4.15
2022-12-17T10:56:05+05:30,10983,4095.94,1021,1.01,0.25,20.91,64.7,1.95,4.15
2022-12-17T11:16:04+05:30,10984,16.87,1018,1.01,0.25,21.32,65.22,1.95,4.14
2022-12-17T11:36:04+05:30,10985,17.44,1015,0.67,0.25,22.41,61.37,1.95,4.15
2022-12-17T11:56:04+05:30,10986,17.87,995,2.01,0.25,22.7,59.49,1.94,4.15
2022-12-17T12:16:03+05:30,10987,18.37,961,1.01,0.25,23.44,54.89,1.95,4.15
2022-12-17T12:36:03+05:30,10988,18.75,840,1.01,0.25,23.45,56.46,1.95,4.09
2022-12-17T12:56:03+05:30,10989,19.12,832,0,0.25,23.65,53.37,1.95,4.08
2022-12-17T13:16:02+05:30,10990,19.44,827,3.35,0.25,23.51,51.48,1.95,4.09
2022-12-17T13:36:02+05:30,10991,19.69,825,1.01,0.25,24.14,48.98,1.92,4.14
2022-12-17T13:56:02+05:30,10992,19.94,823,1.01,0.25,24.64,50.34,1.95,4.15
2022-12-17T14:16:01+05:30,10993,20.06,822,1.01,0.25,24.27,48.92,1.95,4.15
2022-12-17T14:36:01+05:30,10994,20.19,821,1.01,0.25,24.04,46.06,1.96,4.1
2022-12-17T14:56:01+05:30,10995,20.31,821,1.01,0.25,24.35,46.15,1.95,4.09
2022-12-17T15:16:00+05:30,10996,20.31,820,0.67,0.25,24.28,46.42,1.95,4.14
2022-12-17T15:36:00+05:30,10997,20.25,819,0,0.25,23.99,47.57,1.95,4.14
2022-12-17T15:56:00+05:30,10998,20.19,819,0,0.25,23.49,49.53,1.96,4.12
2022-12-17T16:16:01+05:30,10999,20,820,0,0.25,23.01,53.34,1.95,4.13
2022-12-17T16:37:09+05:30,11000,19.81,818,0,0.25,21.34,59.51,1.95,4.11
2022-12-17T16:57:14+05:30,11001,19.62,818,0,0.25,19.68,65.22,1.95,4.11
2022-12-17T17:17:14+05:30,11002,19.37,817,0,0.25,18.17,69.45,1.95,4.11
2022-12-17T17:37:13+05:30,11003,19.06,816,0,0.25,16.9,75.3,1.95,4.11
2022-12-17T17:57:13+05:30,11004,18.81,815,0,0.25,16.23,77.45,1.95,4.09
2022-12-17T18:17:15+05:30,11005,18.5,815,0,0.25,15.44,82.26,1.95,4.11
2022-12-17T18:38:22+05:30,11006,18.25,814,0,0.25,14.99,83.76,1.95,4.1
2022-12-17T19:59:55+05:30,11007,17.31,812,0,0.25,13.34,90.96,1.96,4.1
2022-12-17T20:19:59+05:30,11008,17.12,811,0,0.25,12.8,89.78,1.97,4.1
2022-12-17T20:39:59+05:30,11009,16.87,811,0,0.25,12.28,89.84,1.96,4.1
2022-12-17T20:59:59+05:30,11010,16.75,811,0,0.25,12.25,92.69,1.94,4.1
2022-12-17T21:19:58+05:30,11011,16.56,811,0,0.25,12.18,93.45,1.87,4.1
2022-12-17T21:39:58+05:30,11012,48.38,810,0,0.25,11.74,93.03,1.96,4.09
2022-12-17T21:59:58+05:30,11013,16.25,810,0,0.25,11.6,93.46,1.95,4.09
2022-12-17T22:39:57+05:30,11014,15.94,810,0,0.25,11.49,94.75,1.94,4.09
2022-12-17T22:59:57+05:30,11015,15.81,809,0,0.25,11.66,95.54,1.93,4.08
2022-12-17T23:19:57+05:30,11016,15.69,809,0,0.25,11.55,95.37,1.99,4.08
2022-12-17T23:39:56+05:30,11017,15.63,809,0,0.25,11.47,95.32,1.96,4.08
2022-12-17T23:59:56+05:30,11018,15.5,808,0,0.25,11.53,95.48,1.96,4.08
2022-12-18T00:19:56+05:30,11019,15.38,808,0,0.25,11.11,95.09,1.94,4.07
2022-12-18T00:39:55+05:30,11020,15.25,807,0,0.25,10.83,95.3,1.97,4.07
2022-12-18T00:59:55+05:30,11021,15.19,808,0,0.25,10.93,95.56,1.96,4.07
2022-12-18T01:59:54+05:30,11022,14.81,805,0,0.25,10.42,96.1,1.97,4.07
2022-12-18T02:19:54+05:30,11023,14.69,806,0,0.25,10.39,96.28,1.97,4.07
2022-12-18T02:39:53+05:30,11024,14.63,807,0,0.25,10.15,96.37,1.96,4.06
2022-12-18T03:19:53+05:30,11025,14.44,807,0,0.25,9.87,96.47,1.94,4.06
2022-12-18T03:39:52+05:30,11026,14.31,807,0,0.25,9.7,96.59,1.94,4.06
2022-12-18T04:19:52+05:30,11027,14.19,806,0,0.25,9.85,97.05,2,4.05
2022-12-18T04:39:52+05:30,11028,14.06,806,0,0.25,9.54,97.04,1.97,4.05
2022-12-18T04:59:51+05:30,11029,14,806,0,0.25,9.43,97,1.92,4.04
2022-12-18T05:19:51+05:30,11030,13.88,806,0,0.25,9.23,97.11,1.94,4.05
2022-12-18T05:39:51+05:30,11031,13.81,806,0,0.25,9.15,97.12,1.94,4.05
2022-12-18T05:59:50+05:30,11032,13.75,806,0,0.25,8.85,97.03,1.94,4.04
2022-12-18T07:41:23+05:30,11033,13.31,817,0,0.25,9.18,97.57,2.39,4.06
2022-12-18T08:01:22+05:30,11034,13.31,818,0,0.25,9.87,97.64,1.94,4.08
2022-12-18T08:21:22+05:30,11035,13.38,831,0,0.25,11.46,97.65,1.94,4.08
2022-12-18T08:41:22+05:30,11036,13.5,827,0,0.25,12.52,97.2,1.96,4.1
2022-12-18T09:01:21+05:30,11037,13.69,837,0.67,0.25,13.56,94.05,1.94,4.13
2022-12-18T09:21:21+05:30,11038,14,841,0,0.25,15.14,90.03,1.95,4.15
2022-12-18T09:41:21+05:30,11039,14.44,854,0,0.25,16.7,83.36,1.95,4.16
2022-12-18T10:01:20+05:30,11040,4095.94,1017,1.34,0.25,17.5,79.39,1.95,4.17
2022-12-18T10:21:20+05:30,11041,15.38,992,1.34,0.25,19.15,74.33,1.95,4.15
2022-12-18T10:41:20+05:30,11042,15.94,1020,0,0.25,20.44,68.5,1.95,4.15
2022-12-18T11:01:19+05:30,11043,4095.94,1021,1.01,0.25,21.26,63.92,1.95,4.14
2022-12-18T11:21:19+05:30,11044,17.12,1007,2.35,0.25,22.19,58.94,1.95,4.15
2022-12-18T11:41:19+05:30,11045,17.5,999,1.01,0.25,23.03,55.3,1.95,4.14
2022-12-18T12:01:18+05:30,11046,18.06,999,1.34,0.25,23.61,55.3,1.95,4.15
2022-12-18T12:21:18+05:30,11047,18.56,1000,1.01,0.25,24.76,51.79,1.95,4.15
2022-12-18T12:41:18+05:30,11048,18.94,1000,2.01,0.25,24.31,51.77,1.96,4.14
2022-12-18T13:01:17+05:30,11049,19.37,1002,1.01,0.25,24.57,53.87,1.94,4.08
2022-12-18T13:21:17+05:30,11050,19.75,997,2.01,0.25,25.03,49.36,1.95,4.17
2022-12-18T13:41:17+05:30,11051,20,1002,1.01,0.25,25.3,47.25,1.94,4.08
2022-12-18T14:01:17+05:30,11052,20.19,1001,1.01,0.25,25.38,48.72,1.95,4.08
2022-12-18T14:21:16+05:30,11053,20.37,997,1.01,0.25,25.6,48.4,1.96,4.15
2022-12-18T14:41:16+05:30,11054,20.5,1000,0,0.25,25.55,47.28,1.95,4.09
2022-12-18T15:01:16+05:30,11055,20.56,1000,0,0.25,25.92,46.6,1.95,4.09
2022-12-18T15:21:15+05:30,11056,4095.94,936,1.01,0.25,24.62,51.45,1.95,4.15
2022-12-18T15:41:15+05:30,11057,4095.94,933,0,0.25,24.41,53.76,1.95,4.14
2022-12-18T16:21:14+05:30,11058,20.25,933,0,0.25,23.27,60.58,1.95,4.13
2022-12-18T16:41:14+05:30,11059,20.12,967,0,0.25,21.42,66.54,1.95,4.12
2022-12-18T17:01:14+05:30,11060,19.94,949,0,0.25,20.04,71.96,1.95,4.12
2022-12-18T17:21:13+05:30,11061,19.62,918,0,0.25,18.79,75.95,1.95,4.11
2022-12-18T17:41:13+05:30,11062,19.37,773,0,0.25,17.85,80.7,1.95,4.11
2022-12-18T18:01:13+05:30,11063,19.06,769,0,0.25,17.15,81.87,1.95,4.11
2022-12-18T18:21:12+05:30,11064,18.81,765,0,0.25,16.64,83.02,1.95,4.1
2022-12-18T18:41:12+05:30,11065,18.56,766,0,0.25,16.19,84.86,1.95,4.11
2022-12-18T19:01:12+05:30,11066,18.31,769,0,0.25,16.05,83.82,1.95,4.11
2022-12-18T19:21:11+05:30,11067,18.06,769,0,0.25,15.62,83.53,1.98,4.1
2022-12-18T19:41:11+05:30,11068,17.87,769,0,0.25,15.14,84.89,1.95,4.11
2022-12-18T20:01:11+05:30,11069,17.69,769,0,0.25,15.45,84.54,1.96,4.11
2022-12-18T20:21:11+05:30,11070,17.5,769,0,0.25,15.33,85.25,1.95,4.09
2022-12-18T20:41:10+05:30,11071,17.31,769,0,0.25,15.14,85.87,1.95,4.1
2022-12-18T21:01:11+05:30,11072,17.19,769,0,0.25,14.9,86.98,1.96,4.1
2022-12-18T21:21:10+05:30,11073,17,769,0,0.25,14.42,87.16,1.96,4.09
2022-12-18T21:41:10+05:30,11074,4095.94,770,0,0.25,13.87,89.89,2.03,4.1
2022-12-18T22:01:10+05:30,11075,16.69,771,0,0.25,13.37,90.75,1.94,4.1
2022-12-18T22:21:10+05:30,11076,272.56,772,0,0.25,13.13,92.9,1.95,4.09
2022-12-18T22:41:09+05:30,11077,16.44,766,0,0.25,12.9,93.58,1.94,4.09
2022-12-18T23:01:09+05:30,11078,16.25,771,0,0.25,12.86,93.76,1.94,4.09
2022-12-18T23:21:09+05:30,11079,16.12,771,0,0.25,12.8,94.13,1.94,4.09
2022-12-18T23:41:08+05:30,11080,16.06,765,0,0.25,12.48,93.78,1.94,4.08
2022-12-19T00:01:08+05:30,11081,15.94,771,0,0.25,12.29,94.26,1.96,4.08
2022-12-19T00:21:08+05:30,11082,15.81,771,0,0.25,12.27,94.88,1.9,4.08
2022-12-19T00:41:07+05:30,11083,15.69,774,0,0.25,12.05,94.62,1.94,4.07
2022-12-19T01:01:08+05:30,11084,15.56,773,0,0.25,11.94,95.02,1.94,4.07
2022-12-19T01:21:08+05:30,11085,15.44,775,0,0.25,11.72,95.13,1.95,4.08
2022-12-19T01:41:07+05:30,11086,15.31,770,0,0.25,11.59,95.45,1.9,4.07
2022-12-19T02:01:07+05:30,11087,15.25,772,0,0.25,11.36,95.43,2.01,4.07
2022-12-19T02:21:07+05:30,11088,15.13,771,0,0.25,10.98,95.31,1.94,4.07
2022-12-19T02:41:06+05:30,11089,15,785,0,0.25,10.8,95.8,1.94,4.07
2022-12-19T03:01:06+05:30,11090,14.88,785,0,0.25,10.9,96.19,1.94,4.07
2022-12-19T03:21:06+05:30,11091,4095.94,778,0,0.25,10.86,96.46,1.97,4.06
2022-12-19T03:41:06+05:30,11092,14.69,784,0,0.25,10.88,96.53,1.95,4.06
2022-12-19T04:01:05+05:30,11093,14.63,782,0,0.25,10.67,96.54,1.94,4.06
2022-12-19T04:21:05+05:30,11094,14.56,784,0,0.25,10.77,96.76,1.94,4.06
2022-12-19T04:41:05+05:30,11095,14.44,789,0,0.25,10.8,96.91,1.97,4.06
2022-12-19T05:01:04+05:30,11096,14.31,787,0,0.25,10.69,96.99,2.44,4.05
2022-12-19T06:42:36+05:30,11097,77.94,922,0,0.25,10.46,97.33,1.96,4.04
2022-12-19T07:02:36+05:30,11098,13.88,927,0,0.25,10.43,97.41,1.93,4.05
2022-12-19T07:22:36+05:30,11099,13.81,942,0,0.25,10.22,97.53,1.96,4.04
2022-12-19T07:42:36+05:30,11100,13.75,926,0,0.25,10.25,97.5,1.92,4.04
2022-12-19T08:02:35+05:30,11101,4095.94,925,0.67,0.25,10.88,97.56,1.96,4.05
2022-12-19T08:22:35+05:30,11102,13.88,911,0.67,0.25,11.46,97.77,1.94,4.06
2022-12-19T09:43:21+05:30,11103,78.62,959,0,0.25,13.22,97.52,1.76,4.1
2022-12-19T10:03:20+05:30,11104,14.88,922,0,0.25,14.34,96.32,1.95,4.16
2022-12-19T10:23:20+05:30,11105,15.25,923,0,0.25,15.69,92.38,1.95,4.17
2022-12-19T10:43:20+05:30,11106,15.69,971,0.67,0.25,17.75,85.14,1.95,4.16
2022-12-19T11:03:19+05:30,11107,16.25,971,1.34,0.25,19.29,77.87,1.95,4.15
2022-12-19T11:23:19+05:30,11108,24.81,839,0,0.25,20.97,71.72,1.95,4.15
2022-12-19T11:43:19+05:30,11109,17.37,849,1.01,0.25,22.31,65.34,1.95,4.14
2022-12-19T12:03:18+05:30,11110,17.94,971,0,0.25,23.09,62.01,1.95,4.14
2022-12-19T12:23:18+05:30,11111,18.44,970,1.01,0.25,23.29,59.3,1.95,4.15
2022-12-19T12:43:18+05:30,11112,18.94,845,1.68,0.25,23.51,59.9,1.95,4.15
2022-12-19T13:43:17+05:30,11113,20,979,1.01,0.25,24.74,51.67,1.95,4.08
2022-12-19T14:03:17+05:30,11114,20.31,841,1.01,0.25,24.54,54.58,1.95,4.09
2022-12-19T14:23:25+05:30,11115,20.5,979,0,0.25,24.81,54.29,1.95,4.08
2022-12-19T14:44:26+05:30,11116,20.87,980,1.01,0.25,24.51,52.37,1.95,4.1
2022-12-19T15:04:30+05:30,11117,20.69,980,0,0.25,25.3,51.04,1.95,4.09
2022-12-19T15:24:30+05:30,11118,20.69,978,0,0.25,25.14,53.87,1.95,4.08
2022-12-19T15:44:30+05:30,11119,20.69,946,0,0.25,24.83,53.91,1.95,4.13
2022-12-19T16:04:29+05:30,11120,20.56,935,0,0.25,24.47,56.21,1.95,4.12
2022-12-19T16:24:31+05:30,11121,20.37,926,0,0.25,23.62,60.55,1.95,4.12
2022-12-19T16:44:29+05:30,11122,20.25,941,0,0.25,20.94,67.66,1.95,4.12
2022-12-19T17:04:28+05:30,11123,20,931,0,0.25,19.87,72.55,1.95,4.11
2022-12-19T17:24:28+05:30,11124,19.69,907,0,0.25,18.56,78.48,1.95,4.11
2022-12-19T17:44:28+05:30,11125,19.44,785,0,0.25,17.77,80.98,2.02,4.11
2022-12-19T18:04:28+05:30,11126,19.12,779,0,0.25,16.89,82.2,1.95,4.11
2022-12-19T18:24:27+05:30,11127,18.87,776,0,0.25,16.16,85.26,1.95,4.11
2022-12-19T18:44:27+05:30,11128,19.56,776,0,0.25,15.55,87.82,1.94,4.1
2022-12-19T19:04:27+05:30,11129,18.31,775,0,0.25,15.68,87.74,1.95,4.1
2022-12-19T19:24:26+05:30,11130,18.12,777,0,0.25,15.33,88.09,1.95,4.1
2022-12-19T19:44:26+05:30,11131,17.87,777,0,0.25,15.09,90.65,1.94,4.1
2022-12-19T20:04:26+05:30,11132,4095.94,777,0,0.25,14.96,90.2,1.95,4.09
2022-12-19T20:24:25+05:30,11133,17.44,777,0,0.25,14.75,89.9,1.95,4.1
2022-12-19T20:44:25+05:30,11134,17.31,778,0,0.25,14.53,90.09,1.95,4.09
2022-12-19T21:04:25+05:30,11135,17.12,777,0,0.25,14.25,90.44,1.95,4.09
2022-12-19T21:24:24+05:30,11136,17,777,0,0.25,14.06,91.25,1.95,4.09
2022-12-19T21:44:24+05:30,11137,16.81,776,0,0.25,13.75,91.7,1.96,4.09
2022-12-19T22:24:24+05:30,11138,16.5,780,0,0.25,13.41,93.52,1.95,4.08
2022-12-19T22:44:23+05:30,11139,16.37,781,0,0.25,13.41,93.94,2.04,4.08
2022-12-19T23:04:23+05:30,11140,16.19,784,0,0.25,13.11,93.73,1.95,4.07
2022-12-19T23:24:23+05:30,11141,16.06,797,0,0.25,12.97,94.45,1.94,4.07
2022-12-19T23:44:22+05:30,11142,15.94,797,0,0.25,12.49,94.07,1.96,4.07
2022-12-20T00:04:22+05:30,11143,15.81,788,0,0.25,12.35,94.72,1.96,4.08
2022-12-20T00:24:22+05:30,11144,15.69,794,0,0.25,11.97,94.65,1.95,4.08
2022-12-20T00:44:21+05:30,11145,15.56,797,0,0.25,12.13,95.62,1.94,4.07
2022-12-20T01:04:21+05:30,11146,15.44,793,0,0.25,12.05,95.94,1.94,4.07
2022-12-20T01:24:21+05:30,11147,15.31,796,0,0.25,11.88,96.13,1.96,4.07
2022-12-20T01:44:21+05:30,11148,15.19,795,0,0.25,11.79,96.22,1.94,4.06
2022-12-20T02:04:20+05:30,11149,15.13,793,0,0.25,11.72,96.26,1.95,4.06
2022-12-20T02:24:21+05:30,11150,4095.94,793,0,0.25,11.63,96.32,1.89,4.06
2022-12-20T03:45:07+05:30,11151,14.63,780,0,0.25,11.55,96.47,2.02,4.06
2022-12-20T04:05:07+05:30,11152,14.56,777,0,0.25,11.38,96.8,1.96,4.05
2022-12-20T07:08:11+05:30,11153,14.44,799,0,0.25,11.91,97.95,1.95,4.03
2022-12-20T07:28:11+05:30,11154,14.5,809,0.67,0.28,11.86,97.94,1.95,4.03
2022-12-20T07:48:11+05:30,11155,14.56,853,0,0.28,11.98,97.92,1.96,4.03
2022-12-20T08:29:20+05:30,11156,14.75,707,0.67,0.28,12.34,97.97,1.94,4.04
2022-12-20T09:10:06+05:30,11157,15,721,0,0.28,13.17,97.96,1.95,4.06
2022-12-20T09:50:53+05:30,11158,15.38,731,0,0.28,14.1,97.53,1.94,4.09
2022-12-20T10:10:58+05:30,11159,15.63,760,3.35,0.28,14.55,96.11,1.95,4.14
2022-12-20T10:30:57+05:30,11160,16,1012,1.68,0.28,16.2,90.67,1.95,4.15
2022-12-20T10:50:57+05:30,11161,16.44,1019,1.01,0.28,18.26,81.14,1.95,4.16
2022-12-20T11:10:57+05:30,11162,17,1022,2.01,0.28,19.5,76.85,1.95,4.15
2022-12-20T11:30:56+05:30,11163,17.56,1021,0,0.28,20.88,72.88,1.95,4.14
2022-12-20T11:50:56+05:30,11164,18.12,1022,3.02,0.28,22.62,67.17,1.95,4.14
2022-12-20T12:10:56+05:30,11165,4095.94,1022,1.01,0.28,22.66,63.07,1.94,4.14
2022-12-20T12:30:55+05:30,11166,19.19,1018,1.34,0.28,23.06,61.41,1.95,4.14
2022-12-20T12:50:55+05:30,11167,19.62,1010,1.01,0.28,23.21,60.17,1.95,4.15
2022-12-20T13:10:55+05:30,11168,20,986,2.01,0.28,24.21,55.75,1.96,4.15
2022-12-20T13:30:54+05:30,11169,20.31,989,3.35,0.28,24.48,55.84,1.95,4.15
2022-12-20T13:50:54+05:30,11170,20.62,991,0,0.28,24.65,56.46,1.95,4.14
2022-12-20T14:10:54+05:30,11171,20.87,991,1.34,0.28,24.78,54.6,1.95,4.14
2022-12-20T14:50:53+05:30,11172,21.19,837,1.01,0.28,24.48,53.35,1.95,4.09
2022-12-20T15:10:53+05:30,11173,21.19,828,1.01,0.28,24.44,54.03,1.95,4.16
2022-12-20T15:30:53+05:30,11174,21.19,823,1.01,0.28,24.38,52.96,1.95,4.08
2022-12-20T15:50:52+05:30,11175,21.06,820,0,0.28,23.96,54.99,1.95,4.13
2022-12-20T16:30:52+05:30,11176,20.69,817,0,0.28,22.19,63.51,1.95,4.12
2022-12-20T16:50:51+05:30,11177,4095.94,816,0,0.28,21.25,66.9,1.95,4.1
2022-12-20T17:10:51+05:30,11178,20.19,816,0,0.28,19.74,71.67,1.95,4.1
2022-12-20T17:30:51+05:30,11179,19.87,815,0,0.28,18.32,77.13,1.95,4.11
2022-12-20T17:50:50+05:30,11180,19.56,815,0,0.28,17.43,79.23,1.94,4.11
2022-12-20T18:10:50+05:30,11181,19.31,815,0,0.28,16.7,81.68,1.95,4.1
2022-12-20T18:30:50+05:30,11182,19,814,0,0.28,15.99,83.45,1.95,4.1
2022-12-20T18:50:50+05:30,11183,18.69,814,0,0.28,15.42,84.98,1.95,4.1
2022-12-20T19:10:49+05:30,11184,18.44,814,0,0.28,15.02,86.61,1.95,4.1
2022-12-20T19:30:49+05:30,11185,18.19,814,0,0.28,14.65,88.94,1.95,4.1
2022-12-20T19:50:49+05:30,11186,17.94,813,0,0.28,14.16,90.01,1.95,4.09
2022-12-20T20:10:48+05:30,11187,17.75,813,0,0.28,13.41,89.12,1.95,4.09
2022-12-20T20:30:48+05:30,11188,17.5,812,0,0.28,13.64,93.31,1.96,4.09
2022-12-20T20:50:48+05:30,11189,17.25,813,0,0.28,13.42,93.66,1.96,4.09
2022-12-20T21:30:47+05:30,11190,16.87,812,0,0.28,12.86,94.63,1.94,4.09
2022-12-20T21:50:47+05:30,11191,16.75,812,0,0.28,12.48,94.67,1.94,4.08
2022-12-20T22:30:46+05:30,11192,16.37,812,0,0.28,12.45,95.5,1.94,4.08
2022-12-20T22:50:46+05:30,11193,16.25,812,0,0.28,11.76,95.08,1.95,4.08
2022-12-20T23:31:27+05:30,11194,15.88,811,0,0.28,11.21,95.51,1.94,4.07
2022-12-20T23:51:32+05:30,11195,15.75,811,0,0.28,11.1,95.86,1.94,4.07
2022-12-21T00:11:31+05:30,11196,15.63,811,0,0.28,11.1,96.19,1.97,4.07
2022-12-21T00:31:31+05:30,11197,15.44,811,0,0.28,10.9,96.31,1.93,4.08
2022-12-21T01:11:31+05:30,11198,15.19,809,0,0.28,11.11,96.69,1.97,4.07
2022-12-21T03:13:03+05:30,11199,15.31,808,2.35,0.28,12.27,97.49,1.99,4.05
2022-12-21T03:33:02+05:30,11200,15.31,807,0,0.28,12.24,97.52,1.94,4.05
2022-12-21T03:53:02+05:30,11201,15.38,807,0.67,0.28,12.15,97.61,1.95,4.05
2022-12-21T06:34:33+05:30,11202,47.44,813,0,0.28,12,97.91,1.96,4.03
2022-12-21T06:54:33+05:30,11203,15.44,822,0,0.28,12.08,97.98,1.95,4.03
2022-12-21T07:14:33+05:30,11204,15.38,895,2.68,0.28,12.08,98.04,1.95,4.02
2022-12-21T08:56:05+05:30,11205,15.56,951,0,0.28,12.28,98.11,1.95,4.04
2022-12-21T09:36:46+05:30,11206,15.75,900,1.68,0.28,12.67,98.13,1.96,4.05
2022-12-21T09:56:51+05:30,11207,15.81,893,0,0.28,13.28,97.99,1.95,4.05
2022-12-21T10:16:51+05:30,11208,15.94,921,0.67,0.3,13.22,97.96,1.95,4.05
2022-12-21T10:57:32+05:30,11209,16.25,851,0,0.3,13.8,97.64,1.95,4.08
2022-12-21T11:17:36+05:30,11210,16.44,791,1.01,0.3,14.27,97.18,1.94,4.07
2022-12-21T11:37:36+05:30,11211,16.62,784,2.68,0.3,14.52,96.4,1.97,4.08
2022-12-21T11:57:36+05:30,11212,16.81,800,0.67,0.3,14.89,95.57,1.97,4.1
2022-12-21T12:17:36+05:30,11213,17.06,785,0,0.3,15.42,94.37,1.95,4.11
2022-12-21T12:37:35+05:30,11214,17.31,756,1.68,0.3,16.51,89.09,1.95,4.15
2022-12-21T13:18:16+05:30,11215,18.06,851,0,0.3,20.16,77.49,1.95,4.15
2022-12-21T13:38:21+05:30,11216,18.5,838,1.34,0.3,20.9,73.19,1.96,4.14
2022-12-21T13:58:21+05:30,11217,18.94,837,1.34,0.3,21.64,68.22,1.95,4.15
2022-12-21T14:18:20+05:30,11218,19.37,856,2.01,0.3,22.79,62.54,1.95,4.15
2022-12-21T14:38:20+05:30,11219,19.69,822,1.01,0.3,22.56,63.12,1.95,4.15
2022-12-21T14:58:20+05:30,11220,4095.94,818,1.01,0.3,22.86,59.37,1.95,4.18
2022-12-21T15:18:20+05:30,11221,52.06,817,0,0.3,23.49,56.7,1.95,4.09
2022-12-21T15:38:19+05:30,11222,20.06,817,1.01,0.3,24.1,54.12,1.95,4.08
2022-12-21T15:58:19+05:30,11223,20.06,817,1.34,0.3,22.53,55.11,1.95,4.12
2022-12-21T16:18:19+05:30,11224,19.94,815,0,0.3,21.97,59.04,1.95,4.12
2022-12-21T16:38:18+05:30,11225,19.69,815,0,0.3,20.86,64.66,1.95,4.1
2022-12-21T16:58:18+05:30,11226,4095.94,814,0,0.3,19.37,70.33,1.95,4.09
2022-12-21T17:18:18+05:30,11227,19.12,814,0,0.3,17.5,76.04,1.96,4.1
2022-12-21T17:38:17+05:30,11228,18.81,814,0,0.3,16.26,80.91,1.95,4.1
2022-12-21T17:58:17+05:30,11229,18.5,814,0,0.3,15.21,86.15,1.96,4.11
2022-12-21T18:18:17+05:30,11230,18.19,814,0,0.3,14.58,87.21,1.95,4.11
2022-12-21T18:38:16+05:30,11231,17.94,814,0,0.3,13.89,88.05,1.96,4.11
2022-12-21T18:58:16+05:30,11232,17.69,814,0,0.3,13.33,91.06,1.96,4.1
2022-12-21T20:18:15+05:30,11233,16.69,814,0,0.3,11.76,93.5,1.96,4.09
2022-12-21T20:38:14+05:30,11234,16.5,813,0,0.3,11.88,95.03,1.98,4.09
2022-12-21T20:58:15+05:30,11235,16.31,813,0,0.3,11.62,95.15,1.95,4.09
2022-12-21T21:18:15+05:30,11236,16.12,813,0,0.3,11.35,95.37,1.96,4.09
2022-12-21T21:58:14+05:30,11237,15.75,813,0,0.3,11.01,95.74,1.94,4.08
2022-12-21T22:18:14+05:30,11238,15.63,813,0,0.3,11.03,96.05,1.97,4.09
2022-12-21T22:58:13+05:30,11239,15.31,813,0,0.3,10.83,96.41,1.95,4.08
2022-12-21T23:18:13+05:30,11240,15.19,811,0,0.3,10.35,96.39,1.96,4.07
2022-12-21T23:38:13+05:30,11241,15.06,811,0,0.3,10.46,96.59,1.96,4.07
2022-12-21T23:58:12+05:30,11242,14.94,812,0,0.3,10.66,96.77,1.93,4.07
2022-12-22T00:18:12+05:30,11243,4095.94,812,0,0.3,10.83,96.87,1.94,4.07
2022-12-22T01:38:58+05:30,11244,14.44,812,0,0.3,10.7,97.05,1.94,4.06
2022-12-22T01:58:57+05:30,11245,14.31,812,0,0.3,10.77,97.13,1.94,4.06
2022-12-22T02:18:57+05:30,11246,14.19,811,0,0.3,10.71,97.19,1.88,4.06
2022-12-22T02:58:56+05:30,11247,14.06,811,0,0.3,11.03,97.34,1.86,4.05
2022-12-22T03:18:56+05:30,11248,13.94,812,0,0.3,10.67,97.49,1.96,4.05
2022-12-22T03:38:56+05:30,11249,13.81,812,0,0.3,10.35,97.53,1.91,4.05
2022-12-22T03:58:55+05:30,11250,13.75,811,0,0.3,10.22,97.48,1.93,4.05
2022-12-22T04:18:55+05:30,11251,13.69,811,0,0.3,10.08,97.61,1.77,4.05
2022-12-22T05:18:54+05:30,11252,13.31,810,0,0.3,9.07,97.71,1.94,4.04
2022-12-22T07:40:26+05:30,11253,13.38,819,0,0.32,9.47,98.09,1.96,4.04
2022-12-22T08:00:25+05:30,11254,13.38,819,0,0.32,10.05,98.1,1.94,4.06
2022-12-22T09:01:11+05:30,11255,13.75,820,0,0.32,11.56,98.11,1.95,4.07
2022-12-22T09:21:11+05:30,11256,13.94,836,0.67,0.32,12.25,97.98,1.95,4.07
2022-12-22T09:41:11+05:30,11257,14.19,826,0,0.32,12.96,97.88,1.94,4.11
2022-12-22T10:01:10+05:30,11258,14.5,931,0.67,0.32,13.87,96.19,1.95,4.14
2022-12-22T10:21:10+05:30,11259,14.94,994,0,0.32,14.62,92.73,1.95,4.15
2022-12-22T10:41:10+05:30,11260,15.44,989,0.67,0.32,16.47,86.06,1.95,4.16
2022-12-22T11:01:09+05:30,11261,16,980,0,0.32,18.6,78.37,1.95,4.14
2022-12-22T11:21:09+05:30,11262,16.62,970,1.01,0.32,20.32,72.63,1.95,4.15
2022-12-22T11:41:09+05:30,11263,17.31,836,1.34,0.32,21.16,66.11,2,4.15
2022-12-22T12:01:09+05:30,11264,17.94,830,2.01,0.32,22.03,62.18,1.95,4.15
2022-12-22T12:21:08+05:30,11265,4095.94,824,1.34,0.32,23.01,58.18,1.94,4.15
2022-12-22T12:41:08+05:30,11266,19.06,819,2.01,0.32,23.13,56.17,1.96,4.07
2022-12-22T13:01:08+05:30,11267,19.56,817,0.67,0.32,24.44,52.19,1.94,4.14
2022-12-22T13:21:07+05:30,11268,20,816,2.01,0.32,24.11,47.49,1.94,4.14
2022-12-22T14:01:48+05:30,11269,20.69,816,1.68,0.32,24.3,46.01,1.95,4.08
2022-12-22T14:21:53+05:30,11270,20.87,816,1.34,0.32,24.06,44.08,1.95,4.14
2022-12-22T14:41:53+05:30,11271,21,816,0.67,0.32,24.71,47.43,1.96,4.08
2022-12-22T15:01:52+05:30,11272,21.06,816,1.01,0.32,24.3,48.01,1.95,4.09
2022-12-22T15:21:52+05:30,11273,21.06,816,0.67,0.32,24.03,47.86,1.95,4.09
2022-12-22T15:41:52+05:30,11274,21,816,1.01,0.32,23.41,48.53,1.9,4.09
2022-12-22T16:01:52+05:30,11275,20.87,815,1.34,0.32,23.44,51.58,1.96,4.12
2022-12-22T16:41:51+05:30,11276,20.81,815,0,0.32,21.04,58.65,1.95,4.1
2022-12-22T17:01:51+05:30,11277,20.06,814,0,0.32,20.09,62.69,1.95,4.11
2022-12-22T17:21:50+05:30,11278,19.75,814,0,0.32,18.75,66.83,1.95,4.1
2022-12-22T17:41:50+05:30,11279,19.44,814,0,0.32,17.68,70.14,1.95,4.1
2022-12-22T18:01:50+05:30,11280,19.12,813,0,0.32,16.92,70.91,1.95,4.09
2022-12-22T18:21:49+05:30,11281,18.81,813,0,0.32,16.31,73.17,1.96,4.1
2022-12-22T18:41:49+05:30,11282,18.56,812,0,0.32,15.71,74.46,1.95,4.11
2022-12-22T19:01:49+05:30,11283,18.25,813,0,0.32,15.27,75.44,1.94,4.11
2022-12-22T19:21:48+05:30,11284,18,812,0,0.32,14.86,76.42,1.95,4.1
2022-12-22T19:41:48+05:30,11285,17.75,812,0,0.32,14.42,78.19,1.96,4.09
2022-12-22T20:01:48+05:30,11286,17.56,813,0,0.32,14.09,79.85,1.95,4.1
2022-12-22T20:41:48+05:30,11287,17.19,813,0,0.32,13.97,80.17,1.95,4.09
2022-12-22T21:01:47+05:30,11288,17,813,0,0.32,13.77,80.37,1.97,4.09
2022-12-22T21:21:47+05:30,11289,20.81,812,0,0.32,13.72,81.03,1.99,4.09
2022-12-22T21:41:47+05:30,11290,16.62,812,0,0.32,13.66,81.66,1.96,4.08
2022-12-22T22:01:47+05:30,11291,16.5,812,0,0.32,13.39,83.42,1.45,4.08
2022-12-22T22:21:46+05:30,11292,16.31,812,0,0.32,13.11,84.63,1.95,4.08
2022-12-22T22:41:46+05:30,11293,4095.94,813,0,0.32,12.89,84.93,1.92,4.07
2022-12-22T23:01:46+05:30,11294,4095.94,812,0,0.32,12.76,84.72,1.8,4.08
2022-12-23T00:02:32+05:30,11295,15.63,812,0,0.32,11.41,90.29,1.95,4.07
2022-12-23T00:42:31+05:30,11296,15.31,811,0,0.32,10.56,92.66,1.96,4.08
2022-12-23T01:02:31+05:30,11297,15.19,812,0,0.32,10.26,92.66,1.95,4.07
2022-12-23T01:22:30+05:30,11298,15.06,812,0,0.32,10.19,93.82,1.97,4.07
2022-12-23T01:42:30+05:30,11299,14.88,812,0,0.32,10.09,94.38,1.98,4.07
2022-12-23T02:02:30+05:30,11300,14.81,811,0,0.32,9.8,94.63,1.94,4.07
2022-12-23T02:42:29+05:30,11301,14.56,812,0,0.32,9.66,95.2,1.96,4.06
2022-12-23T03:02:29+05:30,11302,14.44,811,0,0.32,9.47,95.34,1.96,4.06
2022-12-23T03:22:28+05:30,11303,14.31,811,0,0.32,9.15,95.42,1.97,4.05
2022-12-23T03:42:28+05:30,11304,14.19,811,0,0.32,9.26,95.67,1.94,4.05
2022-12-23T04:02:28+05:30,11305,14.06,811,0,0.32,9.42,95.94,1.94,4.05
2022-12-23T04:22:27+05:30,11306,14,811,0,0.32,9.6,96.28,1.94,4.05
2022-12-23T04:42:27+05:30,11307,13.88,811,0,0.32,10.11,96.64,1.93,4.04
2022-12-23T05:02:27+05:30,11308,13.75,811,0,0.32,10.13,96.7,1.96,4.05
2022-12-23T05:22:26+05:30,11309,269.69,810,0,0.32,9.85,96.66,1.91,4.04
2022-12-23T05:42:26+05:30,11310,13.56,809,0,0.32,9.78,96.6,1.96,4.04
2022-12-23T06:02:26+05:30,11311,13.5,809,0,0.32,9.5,96.59,1.98,4.04
2022-12-23T06:22:25+05:30,11312,13.38,809,0,0.32,9.05,96.52,1.99,4.04
2022-12-23T06:42:25+05:30,11313,13.31,812,0,0.32,9.18,96.5,1.94,4.04
2022-12-23T07:02:25+05:30,11314,13.19,812,0,0.32,9.38,96.87,1.96,4.03
2022-12-23T07:22:25+05:30,11315,13.13,813,0,0.32,9.33,96.91,1.94,4.04
2022-12-23T07:42:24+05:30,11316,4095.94,815,0.67,0.32,9.84,96.84,1.96,4.06
2022-12-23T08:02:24+05:30,11317,13.06,814,0,0.32,10.33,97.07,1.87,4.07
2022-12-23T08:22:29+05:30,11318,2061.13,816,0,0.32,12.17,96.84,1.94,4.1
2022-12-23T08:43:33+05:30,11319,77.25,814,0.67,0.32,13.51,91.29,1.95,4.12
2022-12-23T09:03:40+05:30,11320,4095.94,813,0,0.32,15.4,84.4,1.95,4.15
2022-12-23T09:23:40+05:30,11321,13.94,811,0.67,0.32,16.79,77.17,1.95,4.17
2022-12-23T09:43:39+05:30,11322,14.44,810,1.01,0.32,17.5,71.92,1.95,4.15
2022-12-23T10:03:39+05:30,11323,14.94,809,0.67,0.32,19.06,68.39,1.95,4.15
2022-12-23T10:23:39+05:30,11324,15.5,810,0.67,0.32,19.33,66.34,1.95,4.14
2022-12-23T10:43:39+05:30,11325,17.12,811,1.01,0.32,21.04,65.4,1.95,4.15
2022-12-23T11:03:39+05:30,11326,16.69,812,0.67,0.32,22.01,57.11,1.95,4.14
2022-12-23T11:23:41+05:30,11327,17.31,811,1.68,0.32,22.83,56.6,1.95,4.14
2022-12-23T11:43:38+05:30,11328,17.94,812,1.01,0.32,23.32,50.58,1.95,4.14
2022-12-23T12:03:38+05:30,11329,18.44,813,2.01,0.32,23.95,50.95,1.94,4.14
2022-12-23T12:23:38+05:30,11330,19,814,2.01,0.32,24.34,49.11,1.95,4.07
2022-12-23T12:43:38+05:30,11331,19.5,814,1.01,0.32,25.4,48.82,1.95,4.15
2022-12-23T13:03:37+05:30,11332,19.94,813,3.02,0.32,24.87,47.35,1.95,4.07
2022-12-23T13:23:37+05:30,11333,4095.94,816,0.67,0.32,25.64,42.96,1.94,4.14
2022-12-23T13:43:37+05:30,11334,20.56,816,4.02,0.32,24.9,44.84,1.98,4.15
2022-12-23T14:03:36+05:30,11335,20.75,817,1.01,0.32,25.69,45.94,1.96,4.15
2022-12-23T14:23:36+05:30,11336,20.94,817,1.01,0.32,25.97,43.71,1.95,4.09
2022-12-23T14:43:36+05:30,11337,21,817,0,0.32,26.43,43.61,1.95,4.09
2022-12-23T15:03:37+05:30,11338,533,817,1.68,0.32,25.71,42.81,1.94,4.09
2022-12-23T15:23:36+05:30,11339,21,817,0,0.32,26.34,40.94,1.98,4.09
2022-12-23T15:43:36+05:30,11340,20.87,817,0,0.32,24.42,51.82,1.95,4.13
2022-12-23T16:03:36+05:30,11341,20.69,816,0,0.32,24.24,54.04,1.95,4.13
2022-12-23T16:43:35+05:30,11342,20.25,816,0,0.32,21.96,64.73,1.95,4.11
2022-12-23T17:03:35+05:30,11343,20.06,815,0,0.32,20.44,66.01,1.95,4.1
2022-12-23T17:23:34+05:30,11344,19.81,814,0,0.32,19.09,69.12,1.95,4.09
2022-12-23T17:43:34+05:30,11345,19.5,814,0,0.32,18.02,73.7,1.95,4.1
2022-12-23T18:03:34+05:30,11346,19.25,814,0,0.32,16.85,74.48,1.95,4.1
2022-12-23T18:23:33+05:30,11347,19,813,0,0.32,16.27,82.86,1.95,4.1
2022-12-23T18:43:33+05:30,11348,18.75,814,0,0.32,15.78,79.39,1.98,4.11
2022-12-23T19:03:33+05:30,11349,18.56,813,0,0.32,15.5,84.81,1.96,4.09
2022-12-23T19:43:32+05:30,11350,18.12,812,0,0.32,15.09,87.16,1.94,4.1
2022-12-23T20:03:32+05:30,11351,18,812,0,0.32,14.83,86.79,1.95,4.1
2022-12-23T20:43:31+05:30,11352,21.69,811,0,0.32,13.99,89.97,1.95,4.09
2022-12-23T21:03:31+05:30,11353,17.56,811,0,0.32,13.86,91,1.97,4.09
2022-12-23T21:23:31+05:30,11354,17.37,812,0,0.32,13.55,91.45,1.95,4.09
2022-12-23T22:23:30+05:30,11355,17.12,811,0,0.32,14.59,91.13,1.98,4.08
2022-12-23T22:43:29+05:30,11356,17.06,811,0,0.32,14.97,88.78,1.94,4.08
2022-12-23T23:14:19+05:30,11357,17.12,812,0.67,0.32,15.17,87.97,1.95,4.08
2022-12-23T23:34:19+05:30,11358,4095.94,812,1.01,0.32,14.8,89.95,1.99,4.07
2022-12-23T23:54:18+05:30,11359,17,812,0,0.32,14.76,88.8,2.05,4.07
2022-12-24T00:14:18+05:30,11360,17,812,0,0.32,14.47,88.69,1.92,4.08
2022-12-24T00:34:18+05:30,11361,16.87,811,0,0.32,14.61,89.09,1.95,4.07
2022-12-24T00:54:17+05:30,11362,16.81,811,0.67,0.32,14.82,89.06,1.96,4.07
2022-12-24T01:14:17+05:30,11363,17.81,811,0,0.32,14.8,90.05,1.95,4.06
2022-12-24T01:34:17+05:30,11364,16.81,811,0,0.32,15.09,90.3,1.93,4.05
2022-12-24T01:54:17+05:30,11365,16.75,811,1.68,0.32,15.1,90.68,1.95,4.06
2022-12-24T02:14:16+05:30,11366,16.75,811,0.67,0.32,15.27,90.52,1.96,4.06
2022-12-24T02:34:16+05:30,11367,16.69,810,2.35,0.32,15.42,89.94,1.97,4.05
2022-12-24T02:54:16+05:30,11368,4095.94,811,0.67,0.32,15.51,89.85,1.95,4.05
2022-12-24T03:14:15+05:30,11369,16.62,811,1.34,0.32,15.24,90.86,1.95,4.04
2022-12-24T03:34:15+05:30,11370,16.62,811,0,0.32,15.1,91.34,1.96,4.05
2022-12-24T03:54:15+05:30,11371,16.56,811,0,0.32,15.06,91.72,1.95,4.04
2022-12-24T04:14:14+05:30,11372,16.56,810,1.01,0.32,15.06,92.22,1.95,4.04
2022-12-24T08:17:14+05:30,11373,16,763,0,0.43,15.11,95.24,1.95,4.06
2022-12-24T08:37:21+05:30,11374,16.06,774,0,0.43,16.05,92.94,1.95,4.09
2022-12-24T09:17:20+05:30,11375,16.31,802,0,0.43,18.53,81.66,1.95,4.14
2022-12-24T09:37:20+05:30,11376,16.56,804,0,0.43,19.4,73.89,1.95,4.16
2022-12-24T09:57:20+05:30,11377,16.87,811,1.34,0.43,20.01,73.67,1.95,4.17
2022-12-24T10:17:20+05:30,11378,17.25,812,0,0.43,20.69,71.1,1.95,4.13
2022-12-24T10:37:20+05:30,11379,17.56,812,0.67,0.43,21.29,67.07,1.95,4.15
2022-12-24T11:17:19+05:30,11380,18.31,814,0.67,0.43,21.73,67.44,1.95,4.13
2022-12-24T11:37:19+05:30,11381,18.69,814,2.68,0.43,21.87,67.69,1.95,4.15
2022-12-24T11:57:18+05:30,11382,18.94,814,0.67,0.43,21.32,71.34,1.95,4.09
2022-12-24T12:17:18+05:30,11383,4095.94,815,0.67,0.43,21.7,68.8,1.95,4.09
2022-12-24T12:57:59+05:30,11384,19.56,815,0.67,0.43,22.19,69.53,1.95,4.14
2022-12-24T13:18:04+05:30,11385,19.75,815,0,0.43,22.49,69.27,1.95,4.08
2022-12-24T13:38:04+05:30,11386,19.94,815,0,0.43,22.56,65.23,1.95,4.09
2022-12-24T13:58:03+05:30,11387,20.12,815,2.35,0.46,22.62,67.83,1.95,4.09
2022-12-24T14:18:03+05:30,11388,20.25,815,0,0.46,22.77,64.36,1.95,4.07
2022-12-24T14:38:03+05:30,11389,20.37,815,0.67,0.46,23.01,62.5,1.95,4.08
2022-12-24T14:58:02+05:30,11390,20.44,815,1.34,0.46,23.01,64.19,1.95,4.08
2022-12-24T15:18:02+05:30,11391,20.5,815,2.35,0.46,23.17,62.25,1.95,4.08
2022-12-24T15:38:02+05:30,11392,20.5,815,0,0.46,22.72,63.69,1.95,4.15
2022-12-24T15:58:01+05:30,11393,20.5,815,0.67,0.46,22.28,64.32,1.95,4.13
2022-12-24T16:18:01+05:30,11394,20.37,814,0,0.46,21.81,71.14,1.95,4.12
2022-12-24T16:38:01+05:30,11395,20.31,814,0,0.46,20.93,72.53,1.95,4.11
2022-12-24T16:58:00+05:30,11396,20.12,814,0,0.46,20.35,78.87,1.95,4.11
2022-12-24T17:18:00+05:30,11397,19.94,813,0,0.46,19.56,79.73,1.95,4.1
2022-12-24T17:38:00+05:30,11398,19.75,813,0,0.46,18.71,84.75,1.94,4.09
2022-12-24T17:58:00+05:30,11399,19.56,812,0,0.46,17.91,85.38,1.95,4.1
2022-12-24T18:17:59+05:30,11400,19.37,812,0,0.46,17.48,87.67,1.95,4.1
2022-12-24T18:37:59+05:30,11401,19.19,812,0,0.46,16.92,89.65,1.95,4.1
2022-12-24T18:57:59+05:30,11402,19,811,0,0.46,16.54,90.7,1.95,4.1
2022-12-24T19:17:58+05:30,11403,18.81,811,0,0.46,16.19,91.65,1.97,4.09
2022-12-24T19:37:58+05:30,11404,18.62,811,0,0.46,15.93,93.37,1.87,4.09
2022-12-24T19:57:58+05:30,11405,18.5,810,0,0.46,15.64,93.41,1.95,4.09
2022-12-24T20:37:57+05:30,11406,18.19,810,0,0.46,15.2,94.14,1.96,4.09
2022-12-24T20:57:57+05:30,11407,18,810,0,0.46,15.14,95.01,1.95,4.08
2022-12-24T21:37:56+05:30,11408,17.75,809,0,0.46,14.8,95.22,2.06,4.07
2022-12-24T22:17:55+05:30,11409,17.5,808,0,0.46,14.14,95.25,1.94,4.08
2022-12-24T22:57:55+05:30,11410,17.25,809,0,0.46,13.82,95.65,1.98,4.08
2022-12-24T23:37:54+05:30,11411,17,808,0,0.46,13.68,96.07,1.96,4.07
2022-12-24T23:57:54+05:30,11412,16.87,806,0,0.46,13.24,96.09,1.95,4.07
2022-12-25T00:17:53+05:30,11413,16.81,807,0,0.46,13.27,96.42,1.96,4.06
2022-12-25T00:48:43+05:30,11414,16.62,807,0,0.46,12.6,96.44,1.94,4.07
2022-12-25T01:28:43+05:30,11415,16.37,806,0,0.46,12.29,96.41,2.03,4.06
2022-12-25T04:51:08+05:30,11416,15.38,804,0,0.46,12.1,97.51,1.95,4.04
2022-12-25T05:31:07+05:30,11417,4095.94,803,0,0.46,11.65,97.47,1.99,4.04
2022-12-25T06:51:06+05:30,11418,14.88,899,0,0.46,10.67,97.63,1.94,4.04
2022-12-25T07:11:06+05:30,11419,14.81,841,0,0.46,10.86,97.7,1.94,4.03
2022-12-25T07:31:06+05:30,11420,14.75,830,0,0.46,11.39,97.7,1.95,4.04
2022-12-25T08:11:05+05:30,11421,4095.94,738,0,0.46,12.59,97.81,1.91,4.08
2022-12-25T08:51:05+05:30,11422,4095.94,819,0,0.46,15.11,96.6,1.95,4.12
2022-12-25T09:11:04+05:30,11423,15,790,0.67,0.46,16.64,93.58,1.95,4.16
2022-12-25T09:31:04+05:30,11424,15.25,997,1.01,0.46,17.57,85.62,1.95,4.17
2022-12-25T09:51:04+05:30,11425,15.56,1011,1.34,0.46,18.68,79.75,1.95,4.14
2022-12-25T10:11:03+05:30,11426,15.94,1010,1.34,0.46,19.54,72.28,1.95,4.15
2022-12-25T10:31:03+05:30,11427,16.37,1014,2.01,0.46,20.97,69.3,1.95,4.15
2022-12-25T10:51:03+05:30,11428,16.75,1015,2.01,0.46,21.72,65.98,1.95,4.14
2022-12-25T11:11:02+05:30,11429,17.25,1016,2.01,0.46,22.05,63.07,1.95,4.06
2022-12-25T11:31:02+05:30,11430,17.69,1001,2.35,0.46,22.53,60.18,1.96,4.14
2022-12-25T11:51:02+05:30,11431,18.06,982,2.01,0.46,23.72,54.31,1.95,4.14
2022-12-25T12:51:00+05:30,11432,19.12,926,1.01,0.46,24.99,48.71,1.95,4.14
2022-12-25T13:11:00+05:30,11433,19.44,931,2.35,0.46,24.86,45.02,1.95,4.15
2022-12-25T13:31:00+05:30,11434,19.69,934,2.01,0.46,25.1,47.41,1.95,4.09
2022-12-25T13:51:00+05:30,11435,19.94,935,1.34,0.46,25.74,44.17,1.95,4.08
2022-12-25T14:10:59+05:30,11436,20.12,924,1.68,0.46,25.92,42.33,1.95,4.15
2022-12-25T14:30:59+05:30,11437,20.37,927,2.01,0.46,25.72,45.26,1.95,4.07
2022-12-25T14:50:59+05:30,11438,20.5,929,0.67,0.46,25.27,43.8,1.95,4.09
2022-12-25T15:30:58+05:30,11439,20.56,914,1.01,0.46,24.46,45.67,1.94,4.08
2022-12-25T15:50:58+05:30,11440,20.56,871,0,0.46,23.97,45.09,1.95,4.14
2022-12-25T16:10:58+05:30,11441,20.44,862,0,0.46,23.69,51.23,1.95,4.12
2022-12-25T16:30:57+05:30,11442,20.25,844,0,0.46,22.72,56.39,1.95,4.11
2022-12-25T16:50:57+05:30,11443,20.06,831,0,0.46,21.56,58.93,1.95,4.11
2022-12-25T17:10:57+05:30,11444,19.81,823,0,0.46,19.85,64.11,1.95,4.11
2022-12-25T17:50:56+05:30,11445,4095.94,818,0,0.46,17.5,74.36,1.95,4.11
2022-12-25T18:10:56+05:30,11446,19.06,817,0,0.46,16.86,76.31,1.9,4.11
2022-12-25T18:50:55+05:30,11447,18.56,815,0,0.46,16.09,80.42,1.95,4.11
2022-12-25T19:30:54+05:30,11448,4095.94,814,0,0.46,15.88,82.25,1.96,4.09
2022-12-25T20:52:08+05:30,11449,17.5,812,0,0.46,14.75,86.48,1.95,4.09
2022-12-25T21:53:27+05:30,11450,17,812,0,0.46,14.07,88.43,1.95,4.09
2022-12-25T22:14:32+05:30,11451,16.94,811,0,0.46,13.75,89.36,1.95,4.08
2022-12-25T23:25:26+05:30,11452,16.62,811,0,0.46,13.72,87.68,1.96,4.08
2022-12-26T00:45:25+05:30,11453,16.31,811,0,0.46,13.52,83.78,1.96,4.08
2022-12-26T01:25:24+05:30,11454,4095.94,811,0,0.46,13.14,84.95,1.95,4.06
2022-12-26T02:25:23+05:30,11455,15.94,811,0,0.46,12.41,87.25,1.96,4.06
2022-12-26T02:45:23+05:30,11456,15.88,811,0,0.46,12.2,87.39,1.94,4.06
2022-12-26T03:25:22+05:30,11457,15.69,810,0,0.46,11.47,89.41,2.06,4.06
2022-12-26T04:06:37+05:30,11458,15.44,810,0,0.46,11.25,91.03,1.94,4.04
2022-12-26T04:26:36+05:30,11459,15.31,810,0,0.46,11.15,91.1,1.89,4.05
2022-12-26T04:57:26+05:30,11460,15.19,809,0,0.46,10.95,91.63,1.94,4.05
2022-12-26T05:37:25+05:30,11461,15,809,0,0.46,10.66,92.56,1.94,4.04
2022-12-26T06:17:25+05:30,11462,14.81,809,0,0.46,10.43,93.17,1.94,4.03
2022-12-26T06:37:24+05:30,11463,14.75,810,0,0.46,10.36,92.92,1.96,4.04
2022-12-26T07:17:24+05:30,11464,14.56,810,0,0.46,10.4,93.52,1.96,4.05
2022-12-26T07:37:24+05:30,11465,14.5,810,0,0.46,10.77,92.9,1.95,4.05
2022-12-26T07:57:23+05:30,11466,14.5,812,0,0.46,11.46,91.36,1.97,4.05
2022-12-26T08:17:23+05:30,11467,4095.94,811,0,0.46,12.28,89.6,1.95,4.06
2022-12-26T08:37:23+05:30,11468,14.5,811,0,0.46,12.84,87.33,1.97,4.08
2022-12-26T08:57:22+05:30,11469,14.63,811,0,0.46,14.3,82.97,1.95,4.13
2022-12-26T09:37:22+05:30,11470,15,811,0,0.46,17.68,74.2,1.95,4.17
2022-12-26T09:57:21+05:30,11471,15.38,811,0,0.46,18.03,70.01,1.95,4.16
2022-12-26T10:17:22+05:30,11472,15.75,812,0.67,0.46,19.26,69.29,1.95,4.15
2022-12-26T10:37:21+05:30,11473,16.19,811,0.67,0.46,20.69,63.82,1.95,4.15
2022-12-26T10:57:21+05:30,11474,16.62,811,1.01,0.46,21.32,60.74,1.95,4.14
2022-12-26T11:17:21+05:30,11475,49.06,813,0,0.46,22.48,56.66,1.95,4.15
2022-12-26T11:37:20+05:30,11476,81.44,812,0.67,0.46,22.51,54.06,1.94,4.15
2022-12-26T11:57:20+05:30,11477,17.87,812,1.34,0.46,23.64,49.34,1.95,4.14
2022-12-26T12:17:20+05:30,11478,18.31,813,2.01,0.46,24.19,46.39,1.94,4.15
2022-12-26T12:57:19+05:30,11479,19.19,814,1.34,0.46,25.1,42.3,1.94,4.14
2022-12-26T13:17:19+05:30,11480,19.56,815,3.02,0.46,25.13,39.02,1.95,4.09
2022-12-26T13:37:18+05:30,11481,19.81,816,2.01,0.46,25.47,39.14,1.95,4.09
2022-12-26T13:57:18+05:30,11482,532.12,816,0.67,0.46,25.4,39.91,1.97,4.14
2022-12-26T14:17:18+05:30,11483,20.31,817,0.67,0.46,24.23,43.78,1.95,4.09
2022-12-26T14:37:18+05:30,11484,20.5,818,1.01,0.46,24.58,45.68,1.95,4.09
2022-12-26T15:17:18+05:30,11485,4095.94,818,0.67,0.46,25.36,42.22,1.95,4.09
2022-12-26T15:57:59+05:30,11486,20.5,818,0,0.46,23.61,52.21,1.95,4.13
2022-12-26T16:58:03+05:30,11487,20,816,0,0.46,20.28,61.7,1.95,4.11
2022-12-26T17:18:03+05:30,11488,19.75,816,0,0.46,19.06,64.7,1.95,4.11
